alpha,log10_alpha,mean_mse,se_mse
0.20083786666275374,-0.6971544004301085,0.14844929391703485,0.037383659851638884
0.19398592617677385,-0.7122297773145305,0.14747632131678845,0.03753454965957378
0.1873677518087255,-0.7273051541989527,0.14649695013245317,0.03764007594188955
0.18097536821235397,-0.7423805310833748,0.14532342655683061,0.03768887326360781
0.17480107213450521,-0.7574559079677969,0.1442599553407134,0.037728441367269064
0.16883742313218672,-0.772531284852219,0.14330616382095368,0.037756941641941405
0.16307723460633194,-0.7876066617366411,0.14252952964084692,0.0377505511719391
0.15751356514146403,-0.8026820386210632,0.14196823396891706,0.03773682492964792
0.15213971014082245,-0.8177574155054853,0.1416142831491398,0.03773565068272973
0.14694919374687151,-0.8328327923899075,0.14120283214430634,0.03776040477252917
0.14193576103745595,-0.8479081692743295,0.1409008665333123,0.03780078959953562
0.1370933704881977,-0.8629835461587516,0.14059423861024428,0.03786036274792159
0.13241618669205188,-0.8780589230431738,0.1402920041541035,0.03795105145187078
0.12789857332724805,-0.8931342999275959,0.13998001564500548,0.03807957191684066
0.12353508636514239,-0.908209676812018,0.13965707237650168,0.03820680718808093
0.11932046750979622,-0.9232850536964401,0.138937918493028,0.038044551717141474
0.11524963786137493,-0.9383604305808622,0.13795128298952236,0.03766994062784342
0.11131769179573127,-0.9534358074652843,0.13675697777375984,0.03735205619103372
0.10751989105279766,-0.9685111843497065,0.1356397704961359,0.03707205600992093
0.10385165902666332,-0.9835865612341286,0.13433798627366428,0.0365657168585267
0.1003085752504556,-0.9986619381185506,0.1328172842803448,0.03597453574095272
0.09688637006937946,-1.0137373150029727,0.131379087056134,0.03543064414806077
0.09358091949549559,-1.0288126918873948,0.1299499529585182,0.03491019781757397
0.09038824023803695,-1.043888068771817,0.1285787731905963,0.034423456510264204
0.08730448490327496,-1.0589634456562391,0.12731607860447144,0.0340020507051617
0.08432593735815055,-1.0740388225406612,0.1261269905843399,0.033620096620586105
0.08144900825208337,-1.0891141994250833,0.12505458012401263,0.0332658060362298
0.07867023069156241,-1.1041895763095053,0.1240033316775186,0.03287403358603207
0.07598625606230557,-1.1192649531939276,0.12286931949012683,0.032390919615850035
0.07339384999395379,-1.1343403300783497,0.12208771871595939,0.032121495151643295
0.07088988846243664,-1.1494157069627717,0.12141482896287863,0.03190153877317022
0.06847135402531275,-1.1644910838471938,0.12083451731805087,0.031696817729917975
0.06613533218554825,-1.1795664607316159,0.12040565434495527,0.031494344177418455
0.0638790078793514,-1.1946418376160381,0.12000974781141534,0.03131187878174554
0.06169966208383102,-1.2097172145004602,0.11973726139990004,0.031135181177406355
0.05959466854039042,-1.2247925913848823,0.11946403428373067,0.03093402506894983
0.057561490589908906,-1.2398679682693046,0.11923494493388168,0.030735588367556282
0.055597678115896575,-1.2549433451537264,0.1191511191398282,0.030581685157404285
0.05370086459193852,-1.2700187220381487,0.11941012422952038,0.030548143615485614
0.05186876422987136,-1.2850940989225708,0.11970994702216001,0.03051636078000459
0.05009916922525408,-1.3001694758069928,0.11969238637567181,0.030249721735722688
0.048389947096814975,-1.3152448526914151,0.11907359209736293,0.029603829580200768
0.046739038116668075,-1.330320229575837,0.11865003148047219,0.02912995664096723
0.04514445282820189,-1.3453956064602592,0.11827222966106565,0.02867169118581729
0.04360426964865047,-1.3604709833446813,0.11780920981766418,0.028235164637991406
0.0421166325534563,-1.3755463602291034,0.11726482022411884,0.027813238572602962
0.04067974883963577,-1.3906217371135257,0.11670428089514111,0.0273929342609643
0.03929188696545125,-1.4056971139979475,0.1164116149104677,0.02703104302186543
0.03795137446378638,-1.4207724908823698,0.11625227959017663,0.02667919626692489
0.0366565959267107,-1.4358478677667919,0.11612635037237914,0.026349250738471233
0.03540599105880401,-1.450923244651214,0.11607868930797638,0.02603562760659177
0.03419805279689528,-1.4659986215356362,0.11605528950264898,0.025743404009013312
0.033031325493949985,-1.481073998420058,0.11609948040372986,0.025472478359211837
0.03190440316491714,-1.4961493753044803,0.11612293837242012,0.025233340306440005
0.030815927792422742,-1.5112247521889024,0.1161208037286369,0.02502713827709571
0.029764587690267134,-1.5263001290733245,0.11630227417926935,0.024924836760486114
0.028749115922754753,-1.5413755059577467,0.11660868683493457,0.02481290072305963
0.02776828877795128,-1.5564508828421686,0.11672926336809533,0.024679512324241815
0.026820924293028108,-1.5715262597265909,0.11687477996890154,0.02455394014031601
0.02590588082991766,-1.586601636611013,0.11701718841431621,0.024433174385339845
0.02502205569956239,-1.601677013495435,0.1170673519483739,0.02430879327510976
0.024168383833100198,-1.6167523903798573,0.11710134226358782,0.024198080033603773
0.023343836498384708,-1.6318277672642791,0.11705197203812623,0.024114072885041717
0.02254742006029354,-1.6469031441487014,0.11686113714757056,0.023956001333559077
0.021778174783331175,-1.6619785210331235,0.11660478353330525,0.02383395633275958
0.021035173675082862,-1.6770538979175456,0.11657793485067477,0.02386463651759426
0.020317521369126304,-1.6921292748019678,0.11673077974625541,0.023993045914226317
0.01962435304605481,-1.70720465168639,0.116880679043872,0.02413513513202965
0.01895483339131152,-1.722280028570812,0.11691333581247836,0.02427157580814893
0.018308155588579126,-1.737355405455234,0.11684473624409482,0.024395882160792633
0.017683540347511798,-1.752430782339656,0.11678265450750813,0.024506889505490768
0.017080234964637772,-1.7675061592240782,0.11678938888373483,0.02463809457739749
0.016497512416300944,-1.7825815361085005,0.11686793909102955,0.024780181653660804
0.015934670482548357,-1.7976569129929225,0.11700130748767157,0.02492890595725415
0.015391030900907798,-1.8127322898773446,0.11711138746243739,0.025094152768559665
0.014865938549035814,-1.8278076667617666,0.11707087580932622,0.025238899708432905
0.014358760655251115,-1.8428830436461887,0.11731518335650692,0.025509517900153357
0.013868886036002047,-1.857958420530611,0.11762563336514002,0.025798873093604555
0.013395724359349229,-1.873033797415033,0.11802870706510867,0.026099297997496326
0.012938705433575736,-1.8881091742994551,0.11855142730464852,0.02641095738274155
0.012497278520067661,-1.9031845511838772,0.1191430836180117,0.026728435406563895
0.012070911669636966,-1.9182599280682993,0.11968104775611313,0.0270297987589434
0.01165909108148683,-1.9333353049527215,0.12025540398862833,0.027334259530817872
0.011261320484047089,-1.9484106818371436,0.12086126162171522,0.027645412268800244
0.010877120536933496,-1.9634860587215657,0.1214242174202576,0.027967417795334487
0.010506028253310273,-1.9785614356059877,0.12199220535798957,0.028319541808827016
0.010147596441959752,-1.9936368124904098,0.12238412048973508,0.028622928634405114
0.009801393168386808,-2.0087121893748323,0.12269662800766554,0.028867495725333887
0.009467001234308721,-2.023787566259254,0.12305570540100015,0.029099018147899267
0.009144017674903037,-2.038862943143676,0.12336419270475114,0.029330495179257506
0.008832053273207845,-2.0539383200280983,0.12360935880715258,0.02977216721612272
0.008530732091089115,-2.0690136969125206,0.12383374784992955,0.030177653320594133
0.00823969101620988,-2.0840890737969424,0.1234870886737354,0.030260402291877937
0.007958579324455366,-2.0991644506813647,0.12236722472763524,0.02982427131027697
0.007687058257286851,-2.114239827565787,0.12146896405285401,0.02957570196938618
0.007424800613514751,-2.129315204450209,0.12026871855142844,0.02943048186283684
0.007171490354999116,-2.144390581334631,0.11883589323374,0.029315017422390836
0.00692682222580241,-2.1594659582190534,0.11753115229949007,0.029219154755799084
0.006690501384335504,-2.1745413351034752,0.11612169350552744,0.0289703498868432
0.006462243048053674,-2.189616711987897,0.11477777033098939,0.028668597534973052
0.006241772150274449,-2.2046920888723194,0.11346387940422324,0.028379534043775106
0.0060288230087037304,-2.2197674657567417,0.11223912149066384,0.028097196010018616
0.005823139005270704,-2.2348428426411635,0.11114164670547946,0.027827420758272273
0.005624472276885747,-2.249918219525586,0.11004988349094322,0.027577737012254196
0.005432583416748732,-2.264993596410008,0.10896632686463323,0.027323113097112214
0.00524724118584768,-2.28006897329443,0.1076363625324036,0.027027549763474108
0.005068222234300136,-2.295144350178852,0.10637519049767845,0.026753869185726104
0.004895310832201554,-2.3102197270632745,0.10519748714074702,0.026494716485740637
0.004728298609656184,-2.3252951039476963,0.10411541125469045,0.026243724522290488
0.004566984305677304,-2.340370480832118,0.10309621608350798,0.026025726534795058
0.004411173525654172,-2.3554458577165405,0.10221899127446665,0.0258178253982727
0.00426067850709342,-2.3705212346009628,0.10143744471556701,0.025611783928231137
0.0041153178933525875,-2.3855966114853846,0.1008366319289639,0.025446439005106927
0.003974916515093127,-2.400671988369807,0.10035981057375946,0.025315702896053397
0.003839305179189567,-2.415747365254229,0.09991091045886961,0.02519980035804188
0.0037083204648403804,-2.430822742138651,0.09949562575980476,0.02509580199126634
0.0035818045266348877,-2.4458981190230733,0.0991998100286633,0.025051097050920748
0.0034596049043389226,-2.4609734959074956,0.09909486420698732,0.02504004283186126
0.0033415743391699572,-2.4760488727919174,0.09895156910696733,0.025026066469488645
0.003227570596340339,-2.4911242496763393,0.09857941399003964,0.02496067648454566
0.0031174562936547873,-2.5061996265607616,0.09812077054026822,0.024908974354700023
0.0030110987359555958,-2.521275003445184,0.09757574476620198,0.02483282429180197
0.0029083697552160143,-2.5363503803296057,0.09689730944758715,0.02475157403790391
0.002809145556089127,-2.551425757214028,0.09620944806663284,0.02468626907867297
0.0027133065667261343,-2.5665011340984503,0.09555691436354916,0.024630351105019547
0.0026207372946842025,-2.581576510982872,0.09490115049296857,0.024572244920268202
0.00253132618775028,-2.5966518878672944,0.09426798528825014,0.02451906749664687
0.002444965499513174,-2.6117272647517167,0.09369645425821274,0.02447862170034249
0.0023615511595218553,-2.6268026416361385,0.09311130253478193,0.02445153265760683
0.002280982647873543,-2.6418780185205604,0.09242042305350305,0.024433576287251273
0.0022031628740804515,-2.6569533954049827,0.09187077959407045,0.02443552317080966
0.002127998060069213,-2.672028772289405,0.09134264550624178,0.024445717533741015
0.0020553976271719698,-2.687104149173827,0.09078813767579973,0.024406506834591307
0.001985274086972971,-2.702179526058249,0.09011065646516334,0.024280595738207754
0.0019175429358791428,-2.7172549029426714,0.0891984608170881,0.023979691206378294
0.001852122553287559,-2.732330279827093,0.0882269443489431,0.023615597388603138
0.0017889341032271044,-2.7474056567115155,0.08727190098595151,0.023249764696994024
0.0017279014393558297,-2.7624810335959373,0.08636419777452216,0.02290767754989708
0.0016689510131994612,-2.7775564104803596,0.08551909332194835,0.02260538594336937
0.0016120117855205431,-2.792631787364782,0.08474958419424071,0.02231702053604969
0.001557015140711364,-2.8077071642492037,0.0840093960395462,0.02203862487892773
0.0015038948041075169,-2.822782541133626,0.08326331989565076,0.02176505605517305
0.0014525867621224744,-2.837857918018048,0.08252321232740352,0.021480365443610483
0.0014030291851068878,-2.85293329490247,0.08181269745508737,0.021199949590574144
0.0013551623528397024,-2.8680086717868924,0.08112292891581227,0.020914207250386785
0.001308928582561261,-2.8830840486713143,0.08049261943954746,0.020639102310234896
0.0012642721594616864,-2.8981594255557366,0.07990328468243016,0.020375622204342202
0.001221139269540788,-2.9132348024401584,0.07933631291486162,0.020126757656943006
0.0011794779347585546,-2.9283101793245807,0.0788021054075049,0.019890100768043213
0.0011392379503981202,-2.943385556209003,0.07829235615443245,0.019668734311783353
0.0011003708245656929,-2.958460933093425,0.07775236847563041,0.019437497736299207
0.0010628297197545497,-2.973536309977847,0.07725828618001734,0.01922664910627041
0.0010265693964026919,-2.988611686862269,0.07678351711343516,0.01902333019192685
0.0009915461583761146,-3.0036870637466913,0.07635413772422575,0.018829813814768864
0.0009577178003120264,-3.0187624406311135,0.07596386189939444,0.018636957657771038
0.0009250435567585398,-3.0338378175155354,0.0755930762576508,0.01844595384539771
0.00089348405304955,-3.0489131943999577,0.0752728845672694,0.01827090684314754
0.0008630012578556152,-3.0639885712843795,0.07496577847656413,0.018098971127789572
0.0008335584373536328,-3.079063948168802,0.07467618975296315,0.01793305552494281
0.0008051201109601132,-3.094139325053224,0.07436345598549635,0.017794542940474084
0.0007776520085746818,-3.109214701937646,0.07407636431218029,0.017662440044289757
0.0007511210292822957,-3.124290078822068,0.0738077116802712,0.017522409953725476
0.0007254952014644152,-3.13936545570649,0.07356565183601407,0.01738659087638957
0.0007007436442710419,-3.1544408325909123,0.0733340602124835,0.01724892177004244
0.0006768365304072181,-3.1695162094753346,0.07311310545885066,0.01711661825973394
0.0006537450501891235,-3.1845915863597565,0.07290515807315734,0.016988510309350627
0.0006314413768264618,-3.1996669632441788,0.07271379472467936,0.016866751525712282
0.0006098986328893074,-3.2147423401286006,0.07253242998143491,0.016749487078570692
0.0005890908579189855,-3.229817717013023,0.07235107936539288,0.016629536310697916
0.0005689929771439735,-3.244893093897445,0.07228412269061121,0.016572419515206497
0.0005495807712631092,-3.259968470781867,0.07224004084355298,0.01652409118669756
0.0005308308472596983,-3.2750438476662893,0.07221137092794735,0.016480993875362837
0.0005127206102113567,-3.290119224550711,0.07224667345647492,0.016435663353448014
0.0004952282360616015,-3.3051946014351334,0.07231857821488685,0.016388149169960557
0.0004783326453203947,-3.3202699783195557,0.07237437658585763,0.01634964282111676
0.00046201347766193615,-3.3353453552039776,0.07243191914144151,0.016325334815952653
0.0004462510673890963,-3.3504207320884,0.0724971851530478,0.016303466949376517
0.0004310264197349291,-3.3654961089728217,0.0725652340901187,0.016282409046865433
0.0004163211879726935,-3.380571485857244,0.07264233239282385,0.016261750970756744
0.0004021176513068143,-3.3956468627416663,0.07272062922585622,0.01624096709936137
0.00038839869351812734,-3.410722239626088,0.07281132967515115,0.016221555114005224
0.0003751477823376804,-3.4257976165105104,0.07288611048703643,0.016190569867481897
0.0003623489495242377,-3.4408729933949322,0.07296650562810952,0.016162260678186158
0.0003499867716214693,-3.4559483702793545,0.07304762049275247,0.016135637097887158
0.0003380463513716494,-3.471023747163777,0.07312901993001766,0.01610896493425075
0.0003265132997634553,-3.4860991240481987,0.07320990668338825,0.01608308371428031
0.00031537371869223764,-3.501174500932621,0.07329611738217663,0.016056195280633442
0.0003046141842118702,-3.516249877817043,0.07338403893275372,0.016031088048802645
0.00029422173035798665,-3.531325254701465,0.07348279514162497,0.01601092028167133
0.0002841838335231223,-3.5464006315858874,0.07358055920614272,0.01599209551931919
0.0002744883973649212,-3.561476008470309,0.07368479340407366,0.015974523090714184
0.00026512373822922816,-3.5765513853547315,0.07380119401474099,0.015963313491225102
0.0002560785710704988,-3.591626762239154,0.07392223184679977,0.015957207464303784
0.00024734199585255855,-3.6067021391235756,0.07403814668808574,0.01595148472662728
0.00023890348441332336,-3.621777516007998,0.07415270243558765,0.015945525871767927
0.00023075286777765646,-3.6368528928924198,0.07426797838153408,0.015938780233242664
0.00022288032390306583,-3.651928269776842,0.07437891926688536,0.01593289787789791
0.0002152763658434826,-3.6670036466612643,0.07448712388876964,0.015927215514714464
0.00020793183031685071,-3.682079023545686,0.074590326731379,0.015921806375730214
0.00020083786666275376,-3.6971544004301085,0.07468109317616352,0.015917112116179785
