feature,label,coefficient
K+,K+,-0.5562488975079752
Lys赖氨酸,Lys,-0.2757600350224758
5'-CMP,5'-CMP,-0.11543768399304674
Ser丝氨酸,Ser,-0.07655739342298214
维生素C,Ascorbic acid,-0.07469807276989786
Cl-,Cl-,-0.07165573852278033
乳酸,Lactic acid,-0.062311337688680864
琥珀酸,Succinic acid,-0.057324763722220846
柠檬酸,Citric acid,-0.04764832209384711
Pro脯氨酸,Pro,-0.04396200191893268
His组氨酸,His,-0.03788964971126567
Ala丙氨酸,Ala,-0.03622805383630192
焦谷氨酸,Pyroglutamic acid,-0.030896005746827264
富马酸,Fumaric acid,-0.024774070335583733
cys胱氨酸,Cys,-0.015340555838050671
L-苹果酸,Malic acid,-0.010297620719713645
Phe苯丙氨酸,Phe,-0.0074919930363278615
Tyr酪氨酸,Tyr,-0.0052151098921909425
丙酮酸,Pyruvic acid,-0.0030880007491393903
Ile异亮氨酸,Ile,0.003384732567964407
Ca2+,Ca2+,0.014660598912885172
酒石酸,Tartaric acid,0.035339354324700964
5'-IMP,5'-IMP,0.039314958042637176
Glu谷氨酸,Glu,0.05644816216187769
NaCl,NaCl,0.056696638578381
NSSS,NSSS,0.059972575248799544
5'-GMP,5'-GMP,0.06249518488924236
草酸,Oxalic acid,0.06413028708979479
Trp色氨酸,Trp,0.06660846007939183
Asp天冬氨酸,Asp,0.0694960175525686
Arg精氨酸,Arg,0.08903293766888459
Met蛋氨酸,Met,0.10020190504020902
5'-UMP,5'-UMP,0.10384466654256044
5'-AMP,5'-AMP,0.11578446120000849
Na+,Na+,0.1521996905235516
Mg2+,Mg2+,0.70412459370564
